,0
0,
1,
2,
3,
4,
5,
6,
7,
8,
9,
10,
11,
12,
13,
14,
15,
16,
17,
18,
19,
20,
21,https://encrypted-tbn0.gstatic.com/images?q=tbn:ANd9GcSjCJRRGanvwXkcCg3KkIUn0cRbCStC9RWbiA2Tfp0fxBJnyEw0
22,https://encrypted-tbn0.gstatic.com/images?q=tbn:ANd9GcQjakN55p3uMMYa__9N_Cndrr_xy-uXRJZ1EoTfdr6yKgQV09qJsg
23,https://encrypted-tbn0.gstatic.com/images?q=tbn:ANd9GcS6KQh9dbIVaVKEpDMqHQgYovrIqimP6-6L-bYFXXbmmujE07Yk
24,https://encrypted-tbn0.gstatic.com/images?q=tbn:ANd9GcR96Oqg-wEvNMFM-PfY1r8Kgz-WwvKVu9HfMWHxGn4xygpEKaem
25,https://encrypted-tbn0.gstatic.com/images?q=tbn:ANd9GcTo5fQj-Y-p_5KozrdVb6NbH4oDWzq49aC45vTxex3zIdsIOr08gA
26,https://encrypted-tbn0.gstatic.com/images?q=tbn:ANd9GcSz--Zb7FeAD4Z-D0_EXSJSdCWukpgDIHWgldzXFUJcLgBwF0nj
27,https://encrypted-tbn0.gstatic.com/images?q=tbn:ANd9GcRjBvstXUrPA4SEuhZgL-TJqXRadYbya-hn-EmvBT0MDnFjOPsdFA
28,https://encrypted-tbn0.gstatic.com/images?q=tbn:ANd9GcQrCE-5YbMstu8kFa32luanxJZFNoDqprMw0et4HWcbn1hK4PXV
29,https://encrypted-tbn0.gstatic.com/images?q=tbn:ANd9GcTyqVdx4DamTM8-r1VF6XCvCSWXK6TgNMuzdfwCX4Z_AirSqFi2
30,https://encrypted-tbn0.gstatic.com/images?q=tbn:ANd9GcR5hkcA48nU7n8iPWDbzpOArYcR3zcYhpjb9Nd5fbgYTdfY67wr
31,https://encrypted-tbn0.gstatic.com/images?q=tbn:ANd9GcSrkYMKCP_kEXsp8Bj5ZRkq3GXTg4_8p96snrC9JO1BfKVo7BRlCw
32,https://encrypted-tbn0.gstatic.com/images?q=tbn:ANd9GcSIaFYs6vKjk3F5hAMeIw730646E1KCmEh66UrEka86SCtogElG
33,https://encrypted-tbn0.gstatic.com/images?q=tbn:ANd9GcT7zm4UDm0CtT4HO5qG_WwJbZFigpb3I9ovKZQa4dxtVCA-5vSAaQ
34,https://encrypted-tbn0.gstatic.com/images?q=tbn:ANd9GcR8xlJCVYA5Z9I7vXLQx0wFQO3jYtWcFc9Ui0Ioc33Vf3GjtbOORQ
35,https://encrypted-tbn0.gstatic.com/images?q=tbn:ANd9GcT6fKN-0hTewdo2_zWbY3lg0Ww1XGrKJDdbgJllVonfb8ybUNOG
36,https://encrypted-tbn0.gstatic.com/images?q=tbn:ANd9GcT-mRFNMGscI_dL2Afv1L7RYaOsN-2FUeSxqHskosMfeEsxTupZ
37,https://encrypted-tbn0.gstatic.com/images?q=tbn:ANd9GcSy-nMs-KxnoogQV0ojAmSrn3PfV-zBdsk5enHNAotkVaF3oOSR
38,https://encrypted-tbn0.gstatic.com/images?q=tbn:ANd9GcQ_3vLnW3dWfcl8azm-QpNCG2pgHeGyWa71Jqiuo4EQGkvGUapo
39,https://encrypted-tbn0.gstatic.com/images?q=tbn:ANd9GcRwMZmqkDrNM4SPBVB9tJ8Bovb23vYGLpWTeP25C-7ZYbdOQ885ew
40,https://encrypted-tbn0.gstatic.com/images?q=tbn:ANd9GcRqn_x9YqMTOXKcbg3aO0_E7_2xi--fqHYqvufZENerFbGh1ORqsg
41,https://encrypted-tbn0.gstatic.com/images?q=tbn:ANd9GcSsmMYfxAogDr-hpIb5nzd5X93KJG2oqxyEIymZmUeLb4tw5IPQuQ
42,https://encrypted-tbn0.gstatic.com/images?q=tbn:ANd9GcRInR-sIumTFLA4P10avpzoqTXdnIMQsmvoSKjO2zV8sQn212sf
43,https://encrypted-tbn0.gstatic.com/images?q=tbn:ANd9GcTBQZUCVyU1JN5Akmf6nNf6oJKCvEhtz-pfu6MIl53SfrxXumqP
44,https://encrypted-tbn0.gstatic.com/images?q=tbn:ANd9GcR-Qv8mDTWjxR80vGdD0WzFST78HnDGURoosYJH_CXK012NYOuEYA
45,https://encrypted-tbn0.gstatic.com/images?q=tbn:ANd9GcTglrMFfWkSlRAcliGCwmtFIJCjWjrFkWFRb87enKqztMcgaWRP
46,https://encrypted-tbn0.gstatic.com/images?q=tbn:ANd9GcSs_8H5BY7kcuOJwjr65XP6mVaMyqr8NmOcDxvgZcD67zSajXWUoQ
47,https://encrypted-tbn0.gstatic.com/images?q=tbn:ANd9GcRutyC7OXQUhPW2EVF9PAhpYdoqHeaQWZsnD7THIv-eE9hwN_1-pA
48,https://encrypted-tbn0.gstatic.com/images?q=tbn:ANd9GcTPsDU5kX-h04dEDQYdUxcZ5TZLmBPG_ggDyYNs2JTEO7hT9LVn
49,https://encrypted-tbn0.gstatic.com/images?q=tbn:ANd9GcTMC9_wkqV3x1zpIZu7lh3pquIet0Q7uRaB2CDbjMWGbX_bpoBxRw
50,https://encrypted-tbn0.gstatic.com/images?q=tbn:ANd9GcSbU-UtaJusAhT2D76kbuoCpICGT7NdXGMwXpVH4iHwZ_DsI9_5_Q
51,https://encrypted-tbn0.gstatic.com/images?q=tbn:ANd9GcRiVaelfOYFLm4ind4uLw0yshMVPaVmrUka5mR1mOxaHs5BneQs
52,https://encrypted-tbn0.gstatic.com/images?q=tbn:ANd9GcRM3DMFLDgNqz1HYVqdLsP08f591_q1sKtlUnufsK5dwuXQIiQF
53,https://encrypted-tbn0.gstatic.com/images?q=tbn:ANd9GcTXVWYRonZoKdgejEiThDOKbbEMEWx8bzvH-slJXwSGTjVSHvZA
54,https://encrypted-tbn0.gstatic.com/images?q=tbn:ANd9GcTmYJyigquCXgU2-V2xow8NUNqHqxCYtJ6ypUQt1ipCiW9DQFpt
55,https://encrypted-tbn0.gstatic.com/images?q=tbn:ANd9GcR3yiKh3FT8hDMxpMSRTb1zkcEjNmmcP0_Im3oTxnI-bYAhMBh0_w
56,https://encrypted-tbn0.gstatic.com/images?q=tbn:ANd9GcQpBr2ohQcFTx0rCCeNZkjBHOf9DrOaxJq7QTJO27Fv6Il3n0eVUw
57,https://encrypted-tbn0.gstatic.com/images?q=tbn:ANd9GcSm2WcVirP6e-Q9zP9DRyyKTBf1ql67nNul33mSvBuhzt8Wf1pESA
58,https://encrypted-tbn0.gstatic.com/images?q=tbn:ANd9GcRIMF6COHByYIPDLK07s3spdSYBJ9QqwBYCmlXTx9fBEYY1_hybBw
59,https://encrypted-tbn0.gstatic.com/images?q=tbn:ANd9GcTA7tOBsIeWgPDM4IizzBId-knzrWiTiI1Mr8la-QCLLtQP_zIU
60,https://encrypted-tbn0.gstatic.com/images?q=tbn:ANd9GcSlD0zAeUI2SFYNRYfSORPO49_FoVjXAFc7BQFmeVd98qnuxBBpSw
61,https://encrypted-tbn0.gstatic.com/images?q=tbn:ANd9GcSqZQ6i_9Xoq0KOkbQ3yWOVPBEySTVkp3VOmtrezZ1HPUlfiUvNQQ
62,https://encrypted-tbn0.gstatic.com/images?q=tbn:ANd9GcRSfFYwZORE60bi46rMo6j7PBPA-p9kgCis6eFNiCTqeQMM8ghR
63,https://encrypted-tbn0.gstatic.com/images?q=tbn:ANd9GcT4YRLgjKJH9sQqXdTBqDsh93-NYkSyaLtCogDJfRe6NjiPnYphBw
64,https://encrypted-tbn0.gstatic.com/images?q=tbn:ANd9GcR7ebzqXnm6bAq161aldtYWD_s0f4eDNpljVFM9e7hugxbRk_MQ
65,https://encrypted-tbn0.gstatic.com/images?q=tbn:ANd9GcRgyLllLFwTNLE6h797o4V57lZ1NMQA3oFG2f7GkOP1OpfC0Neu9Q
66,https://encrypted-tbn0.gstatic.com/images?q=tbn:ANd9GcRxsPRbRoqucrD3P6NsJXC34s2D3rQi2X2BE9vA9m9EBUtnf4yE
67,https://encrypted-tbn0.gstatic.com/images?q=tbn:ANd9GcQfJQmrznu81CVtGzp-qcJlf28zeN49I9XMhEz0INobMiF_455u0Q
68,https://encrypted-tbn0.gstatic.com/images?q=tbn:ANd9GcTVFz9UaYJ6j7eUfGHlxWfgL5REq3tE7Q91m6EQuwn_paLPmNzslw
69,https://encrypted-tbn0.gstatic.com/images?q=tbn:ANd9GcSLchf7gdbwx1qZZAvJEb3jz2Ces1zbnpSpAA1n6IdNABnnljct
70,https://encrypted-tbn0.gstatic.com/images?q=tbn:ANd9GcTsSEZp6XRKwuW1pOUQ-X_kLygArXsfZt367a2DKj3pip2U1fU3Rg
71,https://encrypted-tbn0.gstatic.com/images?q=tbn:ANd9GcTpkb2kGrIoi07ZfCjNn6AH35pBVyqCaVa0g4qLtQNfKlp3HnX8
72,https://encrypted-tbn0.gstatic.com/images?q=tbn:ANd9GcSatB4BeXd7MLgiXAln5_hvNUjjne4PYLJeUmRTmPCeoAP4YGd_
73,https://encrypted-tbn0.gstatic.com/images?q=tbn:ANd9GcQaMkkj2gpC8rzEOFEXgRPC-MiKJ3WkIa1HZNU3JIJ3xIg99Ggx
74,https://encrypted-tbn0.gstatic.com/images?q=tbn:ANd9GcQeANcMSbc_sfiqBthELXx09jD-OzjllQJZr3PoRFY0tp3wYrv1
75,https://encrypted-tbn0.gstatic.com/images?q=tbn:ANd9GcTpO-HhbzCZYR1ovUMxoPFqspHDbcpmQmm5875EvUiQVI4FLaQ2
76,https://encrypted-tbn0.gstatic.com/images?q=tbn:ANd9GcS1tkr_bfmHIvAraAanbn6N8OQtLwsTPtisS97Fzn-Uhqk7nH_h
77,https://encrypted-tbn0.gstatic.com/images?q=tbn:ANd9GcT2ob-QjJ_F4yu_GfYI1I_xIWRYbOop_3QdmtEFgAJTokBkEp0z
78,https://encrypted-tbn0.gstatic.com/images?q=tbn:ANd9GcSPsajjb2GTv2s2rTyZRfdLh87oBrZs_lquhwzwm7K_MxeG5O8bug
79,https://encrypted-tbn0.gstatic.com/images?q=tbn:ANd9GcQiMcGouG3ZzXJKUbpoiIfDvau_KMgY-u7_NZUdxVH3SDJ_33TTKA
80,https://encrypted-tbn0.gstatic.com/images?q=tbn:ANd9GcT2oFQZ7hOD2cemlnZm-v7TtWl88sWUYj1BPBVO8Y07J4r8MzwS
81,https://encrypted-tbn0.gstatic.com/images?q=tbn:ANd9GcR2ipIq64gmHbBxU-qIBclPj4teG_Vt4gpC9ABCzK1u5LI0YeXDCg
82,https://encrypted-tbn0.gstatic.com/images?q=tbn:ANd9GcRcHb-5Z4a1jQPgjg2ofYQ44TQEzsgdrSYx8fZYxgdSGGg4tp0b
83,https://encrypted-tbn0.gstatic.com/images?q=tbn:ANd9GcSybewuXF6uKge7b1Y-7hwCKFneZbOoHZypxybKFHfa7P30n8XQ
84,https://encrypted-tbn0.gstatic.com/images?q=tbn:ANd9GcQXtA78dyNLlnF1hUq8unTIFkcOtdddGT0wxgg30PJcZSLtSKyE-g
85,https://encrypted-tbn0.gstatic.com/images?q=tbn:ANd9GcQcaUf0Ej601b_WGhGl655blmd9hMybh9iVM7lMeUxPGq6iXFGcfw
86,https://encrypted-tbn0.gstatic.com/images?q=tbn:ANd9GcS1OxH89JkjLGpNdDXsBMUTAgA4oaluHyrU5oic9wgPkLSMlWhcHg
87,https://encrypted-tbn0.gstatic.com/images?q=tbn:ANd9GcTklnCNV255WC7XkfwNc_qB8TO5Demkom40dOgkRqb4VjsUpUf7Vg
88,https://encrypted-tbn0.gstatic.com/images?q=tbn:ANd9GcQro1F9przPYrwqeaT14oo0x6DlHC9tnQNiFdQfyArR4SyeBxJg5Q
89,https://encrypted-tbn0.gstatic.com/images?q=tbn:ANd9GcTALxQDzMEn6-Ll0e5mkTIb4S8XCXdD5ky7z-XSBFhphFfERHd7
90,https://encrypted-tbn0.gstatic.com/images?q=tbn:ANd9GcTMi1Fx6MRpeP2s_s4EzacnPoe7J7oeW9mOf7lwTQbu6NNbjTyh
91,https://encrypted-tbn0.gstatic.com/images?q=tbn:ANd9GcRbosQKV9gebxBiAICmtOwSrYSSaBHwhAKOaV9YxLiFIHtLibyRhA
92,https://encrypted-tbn0.gstatic.com/images?q=tbn:ANd9GcSS1x-KhpYF593nqkVYdRUoVFOYHidh0Ldcs65OjqMeb-PZu3W7
93,https://encrypted-tbn0.gstatic.com/images?q=tbn:ANd9GcQmopAkl6NGg9_SDkAHSpkTkS44aZ6Kv1dpC0krR25YESQWh3d7
94,https://encrypted-tbn0.gstatic.com/images?q=tbn:ANd9GcQcWe2dgUcI5TQSO8PzzuJvChKzG0fo-n27Z4aAqlHuHXXPEHwN0w
95,https://encrypted-tbn0.gstatic.com/images?q=tbn:ANd9GcTgsQnclhAqrygc2vhPU1ADapLQVKJedDxbQDzMJ3fPqpDRF4xigw
96,https://encrypted-tbn0.gstatic.com/images?q=tbn:ANd9GcTgskiREwVc0WfbpcrxB4Ez1mmHX858NmkR-Lil3mtpVLPfT71Ohw
97,https://encrypted-tbn0.gstatic.com/images?q=tbn:ANd9GcSVYxro2aybxM1DWqpSsXBBBNFIh8eU2-cWedeHmFy3Rpb6X45b
98,https://encrypted-tbn0.gstatic.com/images?q=tbn:ANd9GcTo4dNRDUFHzvVvZ7-Tjzf6K9_ct0WRf-qF60Edz7CUTRMwXzdk
99,https://encrypted-tbn0.gstatic.com/images?q=tbn:ANd9GcRk94DjS-5Gb-DcxSsM-DxuJk_GdUhrvtIG8G3hXhGYEHDNlgxI
100,https://encrypted-tbn0.gstatic.com/images?q=tbn:ANd9GcRfhm2gx5v5Ey5dCW218QLf79V_M_YqNYSHhHGh3dFh8HL-UHrRqA
101,
102,
103,
104,
105,
106,
107,
108,
109,
